Id,Date,TotalSteps,Calories,VeryActiveMinutes,FairlyActiveMinutes,LightlyActiveMinutes,TotalMinutesSleep,TotalTimeInBed
1503960366,2016-04-12,13162,1985,25,13,328,327,346
1503960366,2016-04-13,10735,1797,21,19,217,384,407
1503960366,2016-04-14,10460,1776,30,11,181,,
1503960366,2016-04-15,9762,1745,29,34,209,412,442
1503960366,2016-04-16,12669,1863,36,10,221,340,367
1503960366,2016-04-17,9705,1728,38,20,164,700,712
1503960366,2016-04-18,13019,1921,42,16,233,,
1503960366,2016-04-19,15506,2035,50,31,264,304,320
1503960366,2016-04-20,10544,1786,28,12,205,360,377
1503960366,2016-04-21,9819,1775,19,8,211,325,364
1503960366,2016-04-22,12764,1827,66,27,130,,
1503960366,2016-04-23,14371,1949,41,21,262,361,384
1503960366,2016-04-24,10039,1788,39,5,238,430,449
1503960366,2016-04-25,15355,2013,73,14,216,277,323
1503960366,2016-04-26,13755,1970,31,23,279,245,274
1503960366,2016-04-27,18134,2159,78,11,243,,
1503960366,2016-04-28,13154,1898,48,28,189,366,393
1503960366,2016-04-29,11181,1837,16,12,243,341,354
1503960366,2016-04-30,14673,1947,52,34,217,404,425
1503960366,2016-05-01,10602,1820,33,35,246,369,396
1503960366,2016-05-02,14727,2004,41,15,277,277,309
1503960366,2016-05-03,15103,1990,50,24,254,273,296
1503960366,2016-05-04,11100,1819,36,22,203,,
1503960366,2016-05-05,14070,1959,45,24,250,247,264
1503960366,2016-05-06,12159,1896,24,6,289,334,367
1503960366,2016-05-07,11992,1821,37,46,175,331,349
1503960366,2016-05-08,10060,1740,44,8,203,594,611
1503960366,2016-05-09,12022,1819,46,11,206,338,342
1503960366,2016-05-10,12207,1859,46,31,214,383,403
1503960366,2016-05-11,12770,1783,36,23,251,285,306
1503960366,2016-05-12,0,0,0,0,0,,
1624580081,2016-04-12,8163,1432,0,0,146,,
1624580081,2016-04-13,7007,1411,0,0,148,,
1624580081,2016-04-14,9107,1572,0,0,236,,
1624580081,2016-04-15,1510,1344,0,0,96,,
1624580081,2016-04-16,5370,1463,0,0,176,,
1624580081,2016-04-17,6175,1554,15,22,127,,
1624580081,2016-04-18,10536,1604,17,7,202,,
1624580081,2016-04-19,2916,1435,0,0,141,,
1624580081,2016-04-20,4974,1446,0,0,151,,
1624580081,2016-04-21,6349,1467,0,0,186,,
1624580081,2016-04-22,4026,1470,0,0,199,,
1624580081,2016-04-23,8538,1562,0,0,227,,
1624580081,2016-04-24,6076,1617,16,18,185,,
1624580081,2016-04-25,6497,1492,0,0,202,,
1624580081,2016-04-26,2826,1402,0,0,140,,
1624580081,2016-04-27,8367,1670,17,36,154,,
1624580081,2016-04-28,2759,1401,0,5,115,,
1624580081,2016-04-29,2390,1404,0,0,150,,
1624580081,2016-04-30,6474,1655,11,23,224,,
1624580081,2016-05-01,36019,2690,186,63,171,,
1624580081,2016-05-02,7155,1497,7,6,166,,
1624580081,2016-05-03,2100,1334,0,0,96,,
1624580081,2016-05-04,2193,1368,0,0,118,,
1624580081,2016-05-05,2470,1370,0,0,117,,
1624580081,2016-05-06,1727,1341,0,0,102,,
1624580081,2016-05-07,2104,1474,0,0,182,,
1624580081,2016-05-08,3427,1427,0,0,152,,
1624580081,2016-05-09,1732,1328,0,0,91,,
1624580081,2016-05-10,2969,1393,0,0,139,,
1624580081,2016-05-11,3134,1359,0,0,112,,
1624580081,2016-05-12,2971,1002,0,0,107,,
1644430081,2016-04-12,10694,3199,2,51,256,,
1644430081,2016-04-13,8001,2902,30,16,135,,
1644430081,2016-04-14,11037,3226,5,58,252,,
1644430081,2016-04-15,5263,2750,3,4,170,,
1644430081,2016-04-16,15300,3493,51,42,212,,
1644430081,2016-04-17,8757,3011,29,13,186,,
1644430081,2016-04-18,7132,2806,15,33,121,,
1644430081,2016-04-19,11256,3300,5,58,278,,
1644430081,2016-04-20,2436,2430,0,0,125,,
1644430081,2016-04-21,1223,2140,0,0,38,,
1644430081,2016-04-22,3673,2344,0,0,86,,
1644430081,2016-04-23,6637,2677,0,15,160,,
1644430081,2016-04-24,3321,2413,0,0,89,,
1644430081,2016-04-25,3580,2497,8,1,94,,
1644430081,2016-04-26,9919,3123,11,41,223,,
1644430081,2016-04-27,3032,2489,0,0,118,,
1644430081,2016-04-28,9405,3108,3,53,227,,
1644430081,2016-04-29,3176,2498,0,0,120,119,127
1644430081,2016-04-30,18213,3846,9,71,402,124,142
1644430081,2016-05-01,6132,2696,3,24,146,,
1644430081,2016-05-02,3758,2580,1,7,148,796,961
1644430081,2016-05-03,12850,3324,10,94,221,,
1644430081,2016-05-04,2309,2222,0,0,52,,
1644430081,2016-05-05,4363,2463,6,12,81,,
1644430081,2016-05-06,9787,3328,11,6,369,,
1644430081,2016-05-07,13372,3404,41,17,243,,
1644430081,2016-05-08,6724,2987,0,0,295,137,154
1644430081,2016-05-09,6643,3008,32,6,303,,
1644430081,2016-05-10,9167,2799,12,19,155,,
1644430081,2016-05-11,1329,1276,0,0,49,,
1844505072,2016-04-12,6697,2030,0,0,339,,
1844505072,2016-04-13,4929,1860,0,0,248,,
1844505072,2016-04-14,7937,2130,0,0,373,,
1844505072,2016-04-15,3844,1725,0,0,176,644,961
1844505072,2016-04-16,3414,1657,0,0,147,,
1844505072,2016-04-17,4525,1793,2,8,199,,
1844505072,2016-04-18,4597,1814,0,12,217,,
1844505072,2016-04-19,197,1366,0,0,10,,
1844505072,2016-04-20,8,1349,0,0,1,,
1844505072,2016-04-21,8054,2062,2,13,308,,
1844505072,2016-04-22,5372,1827,0,0,220,,
1844505072,2016-04-23,3570,1645,0,0,139,,
1844505072,2016-04-24,0,1347,0,0,0,,
1844505072,2016-04-25,0,1347,0,0,0,,
1844505072,2016-04-26,0,1347,0,0,0,,
1844505072,2016-04-27,4,1348,0,0,1,,
1844505072,2016-04-28,6907,1992,0,0,302,,
1844505072,2016-04-29,4920,1856,0,0,247,,
1844505072,2016-04-30,4014,1763,0,0,184,722,961
1844505072,2016-05-01,2573,1541,0,7,75,590,961
1844505072,2016-05-02,0,1348,0,0,0,,
1844505072,2016-05-03,4059,1742,0,0,184,,
1844505072,2016-05-04,2080,1549,0,0,87,,
1844505072,2016-05-05,2237,1589,0,0,120,,
1844505072,2016-05-06,44,1351,0,0,2,,
1844505072,2016-05-07,0,1347,0,0,0,,
1844505072,2016-05-08,0,1347,0,0,0,,
1844505072,2016-05-09,0,1347,0,0,0,,
1844505072,2016-05-10,0,1347,0,0,0,,
1844505072,2016-05-11,0,1347,0,0,0,,
1844505072,2016-05-12,0,665,0,0,0,,
1927972279,2016-04-12,678,2220,0,0,55,750,775
1927972279,2016-04-13,356,2151,0,0,32,398,422
1927972279,2016-04-14,2163,2383,0,9,88,,
1927972279,2016-04-15,980,2221,0,0,51,475,499
1927972279,2016-04-16,0,2064,0,0,0,,
1927972279,2016-04-17,0,2063,0,0,0,,
1927972279,2016-04-18,244,2111,0,0,17,,
1927972279,2016-04-19,0,2063,0,0,0,,
1927972279,2016-04-20,0,2063,0,0,0,,
1927972279,2016-04-21,0,2064,0,0,0,,
1927972279,2016-04-22,149,2093,0,0,10,,
1927972279,2016-04-23,2945,2499,0,0,145,,
1927972279,2016-04-24,2090,2324,1,6,75,,
1927972279,2016-04-25,152,2100,0,0,12,,
1927972279,2016-04-26,3761,2638,0,0,192,296,315
1927972279,2016-04-27,0,2063,0,0,0,,
1927972279,2016-04-28,1675,2351,0,0,95,166,178
1927972279,2016-04-29,0,2063,0,0,0,,
1927972279,2016-04-30,0,2064,0,0,0,,
1927972279,2016-05-01,2704,2411,14,1,70,,
1927972279,2016-05-02,3790,2505,16,8,94,,
1927972279,2016-05-03,1326,2195,10,0,17,,
1927972279,2016-05-04,1786,2338,0,0,87,,
1927972279,2016-05-05,0,2063,0,0,0,,
1927972279,2016-05-06,2091,2383,0,0,108,,
1927972279,2016-05-07,1510,2229,0,0,48,,
1927972279,2016-05-08,0,2063,0,0,0,,
1927972279,2016-05-09,0,2063,0,0,0,,
1927972279,2016-05-10,0,2063,0,0,0,,
1927972279,2016-05-11,0,2063,0,0,0,,
1927972279,2016-05-12,0,1383,0,0,0,,
2022484408,2016-04-12,11875,2390,42,14,227,,
2022484408,2016-04-13,12024,2601,43,5,292,,
2022484408,2016-04-14,10690,2312,32,3,257,,
2022484408,2016-04-15,11034,2525,27,9,282,,
2022484408,2016-04-16,10100,2177,41,11,151,,
2022484408,2016-04-17,15112,2782,28,29,331,,
2022484408,2016-04-18,14131,2770,48,3,311,,
2022484408,2016-04-19,11548,2489,31,7,250,,
2022484408,2016-04-20,15112,2897,48,63,276,,
2022484408,2016-04-21,12453,3158,104,53,255,,
2022484408,2016-04-22,12954,2638,52,10,273,,
2022484408,2016-04-23,6001,2069,0,0,249,,
2022484408,2016-04-24,13481,2529,37,26,216,,
2022484408,2016-04-25,11369,2470,44,8,217,,
2022484408,2016-04-26,10119,2793,55,24,275,,
2022484408,2016-04-27,10159,2463,19,20,282,,
2022484408,2016-04-28,10140,2296,6,20,291,,
2022484408,2016-04-29,10245,2611,21,40,281,,
2022484408,2016-04-30,18387,2732,13,23,361,,
2022484408,2016-05-01,10538,2380,25,28,245,,
2022484408,2016-05-02,10379,2473,36,8,277,,
2022484408,2016-05-03,12183,2752,72,14,250,,
2022484408,2016-05-04,11768,2649,36,27,272,,
2022484408,2016-05-05,11895,2609,55,20,253,,
2022484408,2016-05-06,10227,2498,24,17,295,,
2022484408,2016-05-07,6708,1995,20,2,149,,
2022484408,2016-05-08,3292,1848,0,0,135,,
2022484408,2016-05-09,13379,2709,35,47,297,,
2022484408,2016-05-10,12798,2797,57,28,271,,
2022484408,2016-05-11,13272,2544,58,25,224,,
2022484408,2016-05-12,9117,1853,16,16,236,,
2026352035,2016-04-12,4414,1459,3,8,181,503,546
2026352035,2016-04-13,4993,1521,0,0,238,531,565
2026352035,2016-04-14,3335,1431,0,0,197,545,568
2026352035,2016-04-15,3821,1444,0,0,188,523,573
2026352035,2016-04-16,2547,1373,0,0,150,524,567
2026352035,2016-04-17,838,1214,0,0,60,437,498
2026352035,2016-04-18,3325,1419,0,0,182,,
2026352035,2016-04-19,2424,1356,0,0,141,498,540
2026352035,2016-04-20,7222,1667,0,0,327,461,510
2026352035,2016-04-21,2467,1370,0,0,153,477,514
2026352035,2016-04-22,2915,1399,0,0,162,520,545
2026352035,2016-04-23,12357,1916,0,0,432,522,554
2026352035,2016-04-24,3490,1401,0,0,164,555,591
2026352035,2016-04-25,6017,1576,0,0,260,506,531
2026352035,2016-04-26,5933,1595,0,0,288,,
2026352035,2016-04-27,6088,1593,0,0,286,508,545
2026352035,2016-04-28,6375,1649,0,0,331,513,545
2026352035,2016-04-29,7604,1692,0,0,352,490,510
2026352035,2016-04-30,4729,1506,0,0,233,573,607
2026352035,2016-05-01,3609,1447,0,0,191,527,546
2026352035,2016-05-02,7018,1690,0,0,355,511,543
2026352035,2016-05-03,5992,1604,0,0,304,,
2026352035,2016-05-04,6564,1658,0,0,345,538,560
2026352035,2016-05-05,12167,1926,0,0,475,468,485
2026352035,2016-05-06,8198,1736,0,0,383,524,548
2026352035,2016-05-07,4193,1491,0,0,229,511,521
2026352035,2016-05-08,5528,1555,0,0,258,541,568
2026352035,2016-05-09,10685,1869,0,0,401,531,556
2026352035,2016-05-10,254,1141,0,0,17,357,380
2026352035,2016-05-11,8580,1698,0,0,330,523,553
2026352035,2016-05-12,8891,1364,0,0,343,456,485
2320127002,2016-04-12,10725,2124,13,9,306,,
2320127002,2016-04-13,7275,2003,0,0,335,,
2320127002,2016-04-14,3973,1696,0,0,191,,
2320127002,2016-04-15,5205,1801,0,0,245,,
2320127002,2016-04-16,5057,1724,0,0,195,,
2320127002,2016-04-17,6198,1852,0,0,249,,
2320127002,2016-04-18,6559,1905,0,7,260,,
2320127002,2016-04-19,5997,1811,0,11,228,,
2320127002,2016-04-20,7192,1922,0,11,283,,
2320127002,2016-04-21,3404,1610,1,10,127,,
2320127002,2016-04-22,5583,1851,0,0,266,,
2320127002,2016-04-23,5079,1804,0,0,242,61,69
2320127002,2016-04-24,4165,1725,0,0,204,,
2320127002,2016-04-25,3588,1654,3,5,152,,
2320127002,2016-04-26,3409,1632,0,0,147,,
2320127002,2016-04-27,1715,1481,0,0,82,,
2320127002,2016-04-28,1532,1473,0,0,76,,
2320127002,2016-04-29,924,1410,0,0,45,,
2320127002,2016-04-30,4571,1779,0,0,234,,
2320127002,2016-05-01,772,1403,0,0,40,,
2320127002,2016-05-02,3634,1613,5,6,123,,
2320127002,2016-05-03,7443,1878,20,10,206,,
2320127002,2016-05-04,1201,1426,0,0,52,,
2320127002,2016-05-05,5202,1780,0,11,223,,
2320127002,2016-05-06,4878,1742,0,0,204,,
2320127002,2016-05-07,7379,1972,0,0,319,,
2320127002,2016-05-08,5161,1821,0,0,247,,
2320127002,2016-05-09,3090,1630,0,0,145,,
2320127002,2016-05-10,6227,1899,0,0,290,,
2320127002,2016-05-11,6424,1903,0,0,300,,
2320127002,2016-05-12,2661,1125,0,0,128,,
2347167796,2016-04-12,10113,2344,28,13,320,,
2347167796,2016-04-13,10352,2038,19,32,195,467,531
2347167796,2016-04-14,10129,2010,1,48,206,445,489
2347167796,2016-04-15,10465,2133,1,24,284,452,504
2347167796,2016-04-16,22244,2670,66,72,268,,
2347167796,2016-04-17,5472,1882,1,7,249,556,602
2347167796,2016-04-18,8247,1944,11,16,206,500,557
2347167796,2016-04-19,6711,2346,0,7,382,465,514
2347167796,2016-04-20,10999,2198,11,43,269,,
2347167796,2016-04-21,10080,2048,23,26,208,460,484
2347167796,2016-04-22,7804,1946,9,27,206,405,461
2347167796,2016-04-23,16901,2629,32,35,360,374,386
2347167796,2016-04-24,9471,2187,0,0,360,442,459
2347167796,2016-04-25,9482,2095,15,11,277,433,471
2347167796,2016-04-26,5980,1861,0,0,227,436,490
2347167796,2016-04-27,11423,2194,26,9,295,448,499
2347167796,2016-04-28,5439,1854,0,0,229,408,450
2347167796,2016-04-29,42,403,0,0,4,411,473
2873212765,2016-04-12,8796,1982,2,21,356,,
2873212765,2016-04-13,7618,2004,0,8,404,,
2873212765,2016-04-14,7910,1893,0,0,331,,
2873212765,2016-04-15,8482,2063,0,0,448,,
2873212765,2016-04-16,9685,2148,47,1,305,,
2873212765,2016-04-17,2524,1529,0,8,160,,
2873212765,2016-04-18,7762,1890,1,6,311,,
2873212765,2016-04-19,7948,1956,0,0,389,,
2873212765,2016-04-20,9202,2094,22,5,378,,
2873212765,2016-04-21,8859,1970,2,10,371,,
2873212765,2016-04-22,7286,2241,46,0,366,,
2873212765,2016-04-23,9317,2021,28,5,330,,
2873212765,2016-04-24,6873,1898,46,1,190,,
2873212765,2016-04-25,7373,1907,0,0,359,,
2873212765,2016-04-26,8242,1882,2,5,309,,
2873212765,2016-04-27,3516,1966,46,0,197,,
2873212765,2016-04-28,7913,1835,28,7,213,,
2873212765,2016-04-29,7365,1780,20,23,206,,
2873212765,2016-04-30,8452,1830,5,20,248,,
2873212765,2016-05-01,7399,1739,7,18,196,,
2873212765,2016-05-02,7525,1878,0,7,334,,
2873212765,2016-05-03,7412,1906,1,6,363,,
2873212765,2016-05-04,8278,2015,0,0,420,,
2873212765,2016-05-05,8314,1971,13,23,311,,
2873212765,2016-05-06,7063,1910,0,5,370,,
2873212765,2016-05-07,4940,1897,75,11,52,,
2873212765,2016-05-08,8168,2096,46,0,326,,
2873212765,2016-05-09,7726,1906,0,0,345,,
2873212765,2016-05-10,8275,1962,0,0,373,,
2873212765,2016-05-11,6440,1826,0,0,319,,
2873212765,2016-05-12,7566,1431,0,0,268,,
3372868164,2016-04-12,4747,1788,0,0,280,,
3372868164,2016-04-13,9715,2093,16,8,371,,
3372868164,2016-04-14,8844,2065,6,25,370,,
3372868164,2016-04-15,7451,1908,0,0,335,,
3372868164,2016-04-16,6905,1908,0,0,356,,
3372868164,2016-04-17,8199,1964,11,2,322,,
3372868164,2016-04-18,6798,2014,20,7,343,,
3372868164,2016-04-19,7711,1985,0,0,376,,
3372868164,2016-04-20,4880,1867,15,3,274,,
3372868164,2016-04-21,8857,2124,18,9,376,,
3372868164,2016-04-22,3843,1669,0,0,206,,
3372868164,2016-04-23,7396,1995,20,2,303,,
3372868164,2016-04-24,6731,1921,14,7,292,,
3372868164,2016-04-25,5995,2010,0,0,416,,
3372868164,2016-04-26,8283,2057,22,2,333,,
3372868164,2016-04-27,7904,2095,24,13,346,,
3372868164,2016-04-28,5512,1972,0,0,385,,
3372868164,2016-04-29,9135,2044,0,0,402,,
3372868164,2016-04-30,5250,1946,17,4,300,,
3372868164,2016-05-01,3077,1237,0,0,172,,
3977333714,2016-04-12,8856,1450,44,19,131,274,469
3977333714,2016-04-13,10035,1495,31,46,153,295,456
3977333714,2016-04-14,7641,1433,5,23,214,291,397
3977333714,2016-04-15,9010,1468,15,42,183,424,556
3977333714,2016-04-16,13459,1625,31,83,153,283,510
3977333714,2016-04-17,10415,1529,11,58,205,381,566
3977333714,2016-04-18,11663,1584,4,95,214,412,522
3977333714,2016-04-19,12414,1638,19,67,221,219,395
3977333714,2016-04-20,11658,1554,2,98,164,152,305
3977333714,2016-04-21,6093,1397,0,0,242,332,512
3977333714,2016-04-22,8911,1481,33,12,188,355,476
3977333714,2016-04-23,12058,1638,0,92,252,235,372
3977333714,2016-04-24,14112,1655,30,95,129,310,526
3977333714,2016-04-25,11177,1570,50,9,133,262,467
3977333714,2016-04-26,11388,1551,7,95,170,250,371
3977333714,2016-04-27,7193,1377,0,10,176,349,540
3977333714,2016-04-28,7114,1407,15,8,190,261,423
3977333714,2016-04-29,10645,1545,36,32,150,333,478
3977333714,2016-04-30,13238,1650,43,52,194,237,382
3977333714,2016-05-01,10414,1501,41,40,124,383,626
3977333714,2016-05-02,16520,1760,24,143,176,230,384
3977333714,2016-05-03,14335,1710,47,41,258,292,500
3977333714,2016-05-04,13559,1628,14,96,142,213,336
3977333714,2016-05-05,12312,1618,14,88,178,318,480
3977333714,2016-05-06,11677,1590,29,55,168,323,512
3977333714,2016-05-07,11550,1574,0,86,208,237,443
3977333714,2016-05-08,13585,1633,9,116,171,259,456
3977333714,2016-05-09,14687,1667,8,122,151,,
3977333714,2016-05-10,13072,1630,1,115,196,312,452
3977333714,2016-05-11,746,52,4,0,9,,
4020332650,2016-04-12,8539,3654,4,15,331,501,541
4020332650,2016-04-13,0,1981,0,0,0,,
4020332650,2016-04-14,108,2011,0,0,3,,
4020332650,2016-04-15,1882,2951,36,18,87,,
4020332650,2016-04-16,1982,3051,65,21,55,77,77
4020332650,2016-04-17,16,1990,0,0,2,,
4020332650,2016-04-18,62,1995,0,0,2,,
4020332650,2016-04-19,0,1980,0,0,0,,
4020332650,2016-04-20,0,1980,0,0,0,,
4020332650,2016-04-21,0,1980,0,0,0,,
4020332650,2016-04-22,0,1980,0,0,0,,
4020332650,2016-04-23,0,1980,0,0,0,,
4020332650,2016-04-24,0,1980,0,0,0,,
4020332650,2016-04-25,0,1980,0,0,0,,
4020332650,2016-04-26,0,1980,0,0,0,,
4020332650,2016-04-27,0,1980,0,0,0,,
4020332650,2016-04-28,0,1980,0,0,0,,
4020332650,2016-04-29,0,1980,0,0,0,,
4020332650,2016-04-30,0,1980,0,0,0,,
4020332650,2016-05-01,0,1980,0,0,0,,
4020332650,2016-05-02,475,2207,0,11,31,,
4020332650,2016-05-03,4496,2828,0,0,174,322,332
4020332650,2016-05-04,10252,3879,13,46,346,478,536
4020332650,2016-05-05,11728,3429,38,42,196,226,248
4020332650,2016-05-06,4369,2704,0,0,177,385,408
4020332650,2016-05-07,6132,2975,0,0,184,,
4020332650,2016-05-08,5862,3089,0,0,263,364,402
4020332650,2016-05-09,4556,2785,3,5,173,,
4020332650,2016-05-10,5546,2926,0,0,206,442,494
4020332650,2016-05-11,3689,2645,2,8,134,,
4020332650,2016-05-12,590,1120,0,0,21,,
4057192912,2016-04-12,5394,2286,0,0,164,,
4057192912,2016-04-13,5974,2306,0,0,160,,
4057192912,2016-04-14,0,1776,0,0,0,,
4057192912,2016-04-15,3984,1527,3,6,88,,
4319703577,2016-04-12,7753,2115,0,0,0,,
4319703577,2016-04-13,8204,2135,8,15,96,,
4319703577,2016-04-14,10210,2302,1,9,339,535,557
4319703577,2016-04-15,5664,1985,0,0,228,465,491
4319703577,2016-04-16,4744,1884,0,0,194,506,522
4319703577,2016-04-17,29,1464,0,0,3,,
4319703577,2016-04-18,2276,1632,1,9,58,515,551
4319703577,2016-04-19,8925,2200,0,0,311,461,498
4319703577,2016-04-20,8954,2220,0,18,306,523,543
4319703577,2016-04-21,3702,1792,0,0,34,59,65
4319703577,2016-04-22,4500,1886,1,19,176,533,550
4319703577,2016-04-23,4935,1945,0,0,233,692,722
4319703577,2016-04-24,4081,1880,1,5,191,467,501
4319703577,2016-04-25,9259,2314,0,8,390,488,506
4319703577,2016-04-26,9899,2236,8,21,288,505,516
4319703577,2016-04-27,10780,2324,6,47,300,286,307
4319703577,2016-04-28,10817,2367,13,8,359,497,522
4319703577,2016-04-29,7990,2175,6,18,289,523,546
4319703577,2016-04-30,8221,2092,6,38,196,490,516
4319703577,2016-05-01,1251,1593,0,0,67,484,500
4319703577,2016-05-02,9261,2270,0,11,344,478,506
4319703577,2016-05-03,9648,2235,8,26,287,474,512
4319703577,2016-05-04,10429,2282,8,13,313,,
4319703577,2016-05-05,13658,2530,27,34,328,,
4319703577,2016-05-06,9524,2266,6,11,314,450,491
4319703577,2016-05-07,7937,2158,3,28,279,507,530
4319703577,2016-05-08,3672,1792,0,0,153,602,638
4319703577,2016-05-09,10378,2345,2,14,374,535,565
4319703577,2016-05-10,9487,2260,3,12,329,487,517
4319703577,2016-05-11,9129,2232,3,18,311,529,558
4319703577,2016-05-12,17,257,0,0,2,302,321
4388161847,2016-04-12,10122,2955,0,0,0,,
4388161847,2016-04-13,10993,3092,1,14,150,,
4388161847,2016-04-14,8863,2998,10,35,219,,
4388161847,2016-04-15,8758,3066,0,0,299,499,526
4388161847,2016-04-16,6580,3073,6,9,253,426,448
4388161847,2016-04-17,4660,2572,0,0,201,619,641
4388161847,2016-04-18,11009,3274,27,8,239,99,104
4388161847,2016-04-19,10181,3015,20,16,249,329,338
4388161847,2016-04-20,10553,3083,19,42,228,421,451
4388161847,2016-04-21,10055,3069,7,12,272,442,458
4388161847,2016-04-22,12139,3544,77,25,220,82,85
4388161847,2016-04-23,13236,3306,58,5,215,478,501
4388161847,2016-04-24,10243,2885,14,8,239,552,595
4388161847,2016-04-25,12961,3288,11,31,301,,
4388161847,2016-04-26,9461,2929,14,23,224,319,346
4388161847,2016-04-27,11193,3074,11,48,241,439,500
4388161847,2016-04-28,10074,2969,19,9,234,428,458
4388161847,2016-04-29,9232,2979,13,16,236,,
4388161847,2016-04-30,12533,3283,14,43,300,409,430
4388161847,2016-05-01,10255,2926,12,15,241,547,597
4388161847,2016-05-02,10096,3147,33,4,204,368,376
4388161847,2016-05-03,12727,3290,18,18,306,,
4388161847,2016-05-04,12375,3162,35,21,251,390,414
4388161847,2016-05-05,9603,2899,12,39,199,471,495
4388161847,2016-05-06,13175,3425,33,45,262,,
4388161847,2016-05-07,22770,4022,120,56,260,472,496
4388161847,2016-05-08,17298,3934,107,38,178,529,541
4388161847,2016-05-09,10218,3013,6,19,258,62,65
4388161847,2016-05-10,10299,3061,13,14,267,354,375
4388161847,2016-05-11,10201,2954,8,18,256,469,494
4388161847,2016-05-12,3369,1623,0,0,108,,
4445114986,2016-04-12,3276,2113,0,0,196,429,457
4445114986,2016-04-13,2961,2095,0,0,194,370,406
4445114986,2016-04-14,3974,2194,0,0,231,441,492
4445114986,2016-04-15,7198,2496,0,0,350,337,379
4445114986,2016-04-16,3945,2180,0,0,225,462,499
4445114986,2016-04-17,2268,1933,0,0,114,98,107
4445114986,2016-04-18,6155,2248,25,6,162,,
4445114986,2016-04-19,2064,1954,0,0,121,388,424
4445114986,2016-04-20,2072,1974,0,0,137,439,462
4445114986,2016-04-21,3809,2150,0,0,215,436,469
4445114986,2016-04-22,6831,2432,0,0,317,388,417
4445114986,2016-04-23,4363,2149,0,0,201,,
4445114986,2016-04-24,5002,2247,0,0,244,,
4445114986,2016-04-25,3385,2070,0,0,179,328,345
4445114986,2016-04-26,6326,2291,29,1,180,353,391
4445114986,2016-04-27,7243,2361,32,1,194,332,374
4445114986,2016-04-28,4493,2203,0,0,236,419,442
4445114986,2016-04-29,4676,2196,0,0,226,106,108
4445114986,2016-04-30,6222,2363,0,0,290,322,353
4445114986,2016-05-01,5232,2246,0,0,240,439,459
4445114986,2016-05-02,6910,2336,27,4,200,502,542
4445114986,2016-05-03,7502,2421,30,2,233,417,450
4445114986,2016-05-04,2923,2070,0,0,180,337,363
4445114986,2016-05-05,3800,2120,2,6,185,462,513
4445114986,2016-05-06,4514,2211,0,0,229,374,402
4445114986,2016-05-07,5183,2123,26,4,108,401,436
4445114986,2016-05-08,7303,2423,0,8,308,361,391
4445114986,2016-05-09,5275,2281,0,0,266,457,533
4445114986,2016-05-10,3915,2181,0,0,231,405,426
4445114986,2016-05-11,9105,2499,34,22,232,499,530
4445114986,2016-05-12,768,1212,0,0,58,483,501
4558609924,2016-04-12,5135,1909,0,0,318,,
4558609924,2016-04-13,4978,1722,19,7,127,,
4558609924,2016-04-14,6799,1922,0,0,279,,
4558609924,2016-04-15,7795,2121,17,30,262,,
4558609924,2016-04-16,7289,1997,8,12,308,,
4558609924,2016-04-17,9634,2117,7,19,304,,
4558609924,2016-04-18,8940,2116,14,15,331,,
4558609924,2016-04-19,5401,1876,1,9,248,,
4558609924,2016-04-20,4803,1788,0,0,222,,
4558609924,2016-04-21,13743,2486,6,21,432,126,137
4558609924,2016-04-22,9601,2094,20,25,273,,
4558609924,2016-04-23,6890,2085,5,5,308,,
4558609924,2016-04-24,8563,2173,0,0,395,,
4558609924,2016-04-25,8095,2225,18,10,340,,
4558609924,2016-04-26,9148,2223,12,41,283,103,121
4558609924,2016-04-27,9557,2098,27,14,312,,
4558609924,2016-04-28,9451,2185,1,11,367,,
4558609924,2016-04-29,7833,1918,15,29,197,171,179
4558609924,2016-04-30,10319,2105,7,29,293,,
4558609924,2016-05-01,3428,1692,0,0,190,115,129
4558609924,2016-05-02,7891,2066,0,0,383,,
4558609924,2016-05-03,5267,1953,21,10,237,,
4558609924,2016-05-04,5232,1842,0,0,252,,
4558609924,2016-05-05,10611,2262,14,8,370,,
4558609924,2016-05-06,3755,1722,0,0,202,,
4558609924,2016-05-07,8237,1973,23,16,233,,
4558609924,2016-05-08,6543,2666,66,35,238,123,134
4558609924,2016-05-09,11451,2223,6,30,339,,
4558609924,2016-05-10,6435,1889,11,18,220,,
4558609924,2016-05-11,9108,2131,4,31,324,,
4558609924,2016-05-12,6307,1452,0,0,247,,
4702921684,2016-04-12,7213,2947,0,0,263,425,439
4702921684,2016-04-13,6877,2898,0,0,258,400,430
4702921684,2016-04-14,7860,2984,0,0,271,384,415
4702921684,2016-04-15,6506,2896,1,8,256,253,257
4702921684,2016-04-16,11140,3328,3,24,335,382,406
4702921684,2016-04-17,12692,3394,12,66,302,591,612
4702921684,2016-04-18,9105,3013,22,30,191,293,312
4702921684,2016-04-19,6708,2812,10,8,179,457,487
4702921684,2016-04-20,8793,3061,2,29,260,454,468
4702921684,2016-04-21,6530,2729,4,41,144,425,434
4702921684,2016-04-22,1664,2241,0,0,72,,
4702921684,2016-04-23,15126,3691,9,66,408,465,475
4702921684,2016-04-24,15050,3538,15,95,281,480,506
4702921684,2016-04-25,9167,3064,6,15,270,370,380
4702921684,2016-04-26,6108,2784,1,8,216,421,429
4702921684,2016-04-27,7047,2908,1,16,238,432,449
4702921684,2016-04-28,9023,3033,14,9,232,442,461
4702921684,2016-04-29,9930,3165,12,19,267,433,447
4702921684,2016-04-30,10144,3115,4,36,263,479,501
4702921684,2016-05-01,0,2017,0,0,0,,
4702921684,2016-05-02,7245,2859,5,40,195,,
4702921684,2016-05-03,9454,3145,0,0,313,327,373
4702921684,2016-05-04,8161,3004,4,15,251,412,434
4702921684,2016-05-05,8614,3006,8,5,241,414,428
4702921684,2016-05-06,6943,2859,1,16,207,404,449
4702921684,2016-05-07,14370,3683,5,46,439,520,543
4702921684,2016-05-08,12857,3287,9,125,192,,
4702921684,2016-05-09,8232,2990,0,12,253,435,458
4702921684,2016-05-10,10613,3172,1,37,262,416,431
4702921684,2016-05-11,9810,3069,10,41,235,354,366
4702921684,2016-05-12,2752,1240,0,0,68,404,442
5553957443,2016-04-12,11596,2026,19,13,277,441,464
5553957443,2016-04-13,4832,1718,0,0,226,455,488
5553957443,2016-04-14,17022,2324,61,41,256,357,418
5553957443,2016-04-15,16556,2254,58,38,239,377,409
5553957443,2016-04-16,5771,1831,0,0,288,651,686
5553957443,2016-04-17,655,1397,0,0,46,350,402
5553957443,2016-04-18,3727,1683,0,0,206,520,541
5553957443,2016-04-19,15482,2284,69,28,249,357,410
5553957443,2016-04-20,2713,1570,0,0,148,658,678
5553957443,2016-04-21,12346,2066,47,42,177,399,431
5553957443,2016-04-22,11682,2105,25,16,270,322,353
5553957443,2016-04-23,4112,1776,0,0,272,631,725
5553957443,2016-04-24,1807,1507,0,0,104,553,640
5553957443,2016-04-25,10946,2033,51,11,201,433,468
5553957443,2016-04-26,11886,2093,40,18,238,412,453
5553957443,2016-04-27,10538,1922,16,16,206,347,391
5553957443,2016-04-28,11393,1999,49,13,165,421,457
5553957443,2016-04-29,12764,2169,46,15,270,450,495
5553957443,2016-04-30,1202,1463,0,0,84,775,843
5553957443,2016-05-01,5164,1747,0,0,237,622,686
5553957443,2016-05-02,9769,1996,23,9,227,409,471
5553957443,2016-05-03,12848,2116,26,29,247,380,429
5553957443,2016-05-04,4249,1698,0,0,224,447,470
5553957443,2016-05-05,14331,2156,44,29,241,419,464
5553957443,2016-05-06,9632,1916,21,9,229,400,434
5553957443,2016-05-07,1868,1494,0,0,96,442,470
5553957443,2016-05-08,6083,1762,3,8,210,568,608
5553957443,2016-05-09,11611,2272,59,22,251,453,494
5553957443,2016-05-10,16358,2335,61,40,265,418,443
5553957443,2016-05-11,4926,1693,0,0,195,463,486
5553957443,2016-05-12,3121,741,8,6,48,438,475
5577150313,2016-04-12,8135,3405,86,16,140,419,438
5577150313,2016-04-13,5077,2551,15,11,144,432,458
5577150313,2016-04-14,8596,4022,118,30,176,477,497
5577150313,2016-04-15,12087,4005,115,54,199,392,413
5577150313,2016-04-16,14269,4274,184,56,158,406,445
5577150313,2016-04-17,12231,4552,200,37,159,549,583
5577150313,2016-04-18,9893,3625,114,32,130,527,553
5577150313,2016-04-19,12574,3501,108,23,111,449,465
5577150313,2016-04-20,8330,3192,87,16,113,447,480
5577150313,2016-04-21,10830,4018,110,74,175,414,437
5577150313,2016-04-22,9172,3329,62,30,200,338,366
5577150313,2016-04-23,7638,3152,24,24,223,384,402
5577150313,2016-04-24,15764,4392,210,65,141,543,615
5577150313,2016-04-25,6393,3374,61,38,214,421,461
5577150313,2016-04-26,5325,3088,38,32,181,354,377
5577150313,2016-04-27,6805,3294,63,16,190,424,452
5577150313,2016-04-28,9841,3580,99,51,141,361,372
5577150313,2016-04-29,7924,3544,97,36,165,459,485
5577150313,2016-04-30,12363,4501,207,45,163,412,433
5577150313,2016-05-01,13368,4546,194,72,178,379,398
5577150313,2016-05-02,7439,3014,37,20,235,525,553
5577150313,2016-05-03,11045,3795,97,8,212,508,543
5577150313,2016-05-04,5206,2755,25,9,141,603,634
5577150313,2016-05-05,7550,3004,45,21,143,74,78
5577150313,2016-05-06,4950,2643,41,16,79,,
5577150313,2016-05-07,0,1819,0,0,0,,
5577150313,2016-05-08,0,1819,0,0,0,,
5577150313,2016-05-09,3421,2489,34,11,70,,
5577150313,2016-05-10,8869,3841,104,37,194,504,562
5577150313,2016-05-11,4038,1665,45,15,63,431,476
6117666160,2016-04-12,0,1496,0,0,0,,
6117666160,2016-04-13,0,1496,0,0,0,,
6117666160,2016-04-14,0,1496,0,0,0,,
6117666160,2016-04-15,14019,2865,0,6,513,,
6117666160,2016-04-16,14450,2828,7,15,518,380,398
6117666160,2016-04-17,7150,2225,0,0,312,336,350
6117666160,2016-04-18,5153,2018,0,0,241,493,510
6117666160,2016-04-19,11135,2606,0,0,480,465,492
6117666160,2016-04-20,10449,2536,26,10,349,474,502
6117666160,2016-04-21,19542,4900,11,19,294,508,550
6117666160,2016-04-22,8206,2409,0,0,402,480,546
6117666160,2016-04-23,11495,2651,0,0,512,492,539
6117666160,2016-04-24,7623,2305,0,0,362,353,367
6117666160,2016-04-25,0,1497,0,0,0,,
6117666160,2016-04-26,9543,2450,0,7,352,,
6117666160,2016-04-27,9411,2576,0,0,458,542,557
6117666160,2016-04-28,3403,1879,0,0,141,393,416
6117666160,2016-04-29,9592,2560,0,0,461,600,636
6117666160,2016-04-30,6987,2275,0,0,343,,
6117666160,2016-05-01,8915,2361,0,0,397,507,575
6117666160,2016-05-02,4933,2044,0,0,236,,
6117666160,2016-05-03,0,1496,0,0,0,,
6117666160,2016-05-04,2997,1902,0,0,156,,
6117666160,2016-05-05,9799,2636,0,0,487,392,415
6117666160,2016-05-06,3365,1838,0,0,133,658,698
6117666160,2016-05-07,7336,2469,0,0,412,498,507
6117666160,2016-05-08,7328,2250,0,0,318,555,603
6117666160,2016-05-09,4477,1248,0,0,197,492,522
6290855005,2016-04-12,4562,2560,0,0,199,,
6290855005,2016-04-13,7142,2905,0,0,350,,
6290855005,2016-04-14,7671,2952,0,0,363,,
6290855005,2016-04-15,9501,2896,0,0,328,,
6290855005,2016-04-16,8301,2783,0,0,258,,
6290855005,2016-04-17,7851,3171,31,12,225,,
6290855005,2016-04-18,6885,2766,0,0,271,,
6290855005,2016-04-19,7142,2839,0,0,321,,
6290855005,2016-04-20,6361,2701,0,0,258,,
6290855005,2016-04-21,0,2060,0,0,0,,
6290855005,2016-04-22,6238,2796,0,0,302,,
6290855005,2016-04-23,0,2664,33,0,0,,
6290855005,2016-04-24,5896,2703,0,0,258,,
6290855005,2016-04-25,7802,2771,8,3,249,,
6290855005,2016-04-26,0,2060,0,0,0,,
6290855005,2016-04-27,5565,2743,0,0,287,,
6290855005,2016-04-28,5731,2687,0,0,255,,
6290855005,2016-04-29,0,2060,0,0,0,,
6290855005,2016-04-30,6744,2843,0,0,324,,
6290855005,2016-05-01,9837,3327,8,95,282,,
6290855005,2016-05-02,6781,2725,0,0,268,,
6290855005,2016-05-03,6047,2671,0,0,240,,
6290855005,2016-05-04,5832,2718,0,0,272,,
6290855005,2016-05-05,6339,2682,0,0,239,,
6290855005,2016-05-06,6116,2806,0,0,305,,
6290855005,2016-05-07,5510,2613,0,0,227,,
6290855005,2016-05-08,7706,2712,0,0,251,,
6290855005,2016-05-09,6277,2175,0,0,264,,
6290855005,2016-05-10,0,0,0,0,0,,
6775888955,2016-04-12,0,1841,0,0,0,,
6775888955,2016-04-13,4053,2400,17,18,85,235,260
6775888955,2016-04-14,5162,2507,14,24,105,423,441
6775888955,2016-04-15,1282,2127,0,0,58,391,406
6775888955,2016-04-16,4732,2225,36,18,9,,
6775888955,2016-04-17,2497,2067,5,24,19,,
6775888955,2016-04-18,8294,2798,30,31,146,,
6775888955,2016-04-19,0,1841,0,0,0,,
6775888955,2016-04-20,10771,3727,70,113,178,,
6775888955,2016-04-21,0,1841,0,0,0,,
6775888955,2016-04-22,637,1922,0,0,20,,
6775888955,2016-04-23,0,1841,0,0,0,,
6775888955,2016-04-24,2153,2053,11,18,11,,
6775888955,2016-04-25,6474,2484,33,13,92,,
6775888955,2016-04-26,7091,2584,42,30,47,,
6775888955,2016-04-27,0,1841,0,0,0,,
6775888955,2016-04-28,703,1993,2,13,15,,
6775888955,2016-04-29,0,1841,0,0,0,,
6775888955,2016-04-30,2503,2280,3,9,84,,
6775888955,2016-05-01,2487,2319,9,34,50,,
6775888955,2016-05-02,0,1841,0,0,0,,
6775888955,2016-05-03,9,1843,0,0,1,,
6775888955,2016-05-04,0,1841,0,0,0,,
6775888955,2016-05-05,0,1841,0,0,0,,
6775888955,2016-05-06,4697,2496,12,35,75,,
6775888955,2016-05-07,1967,1032,2,5,49,,
6962181067,2016-04-12,10199,1994,50,14,189,366,387
6962181067,2016-04-13,5652,1718,8,24,142,630,679
6962181067,2016-04-14,1551,1466,0,0,86,508,535
6962181067,2016-04-15,5563,1756,0,0,217,370,386
6962181067,2016-04-16,13217,2173,50,3,280,357,366
6962181067,2016-04-17,10145,2027,5,13,295,427,446
6962181067,2016-04-18,11404,2039,13,42,238,442,458
6962181067,2016-04-19,10742,2046,35,41,195,476,535
6962181067,2016-04-20,13928,2174,48,4,297,418,424
6962181067,2016-04-21,11835,2179,53,27,214,451,457
6962181067,2016-04-22,10725,2086,30,33,240,425,435
6962181067,2016-04-23,20031,2571,58,41,347,528,546
6962181067,2016-04-24,5029,1705,0,0,199,511,514
6962181067,2016-04-25,13239,2194,35,31,282,400,415
6962181067,2016-04-26,10433,2012,36,7,254,441,446
6962181067,2016-04-27,10320,2034,7,38,279,455,467
6962181067,2016-04-28,12627,2182,38,8,288,440,453
6962181067,2016-04-29,10762,2254,12,15,369,433,447
6962181067,2016-04-30,10081,2002,32,16,237,422,424
6962181067,2016-05-01,5454,1740,0,0,215,411,426
6962181067,2016-05-02,12912,2162,18,39,313,466,482
6962181067,2016-05-03,12109,2072,21,36,267,394,418
6962181067,2016-05-04,10147,2086,15,36,284,442,455
6962181067,2016-05-05,10524,2066,14,22,305,467,491
6962181067,2016-05-06,5908,1850,0,0,299,443,462
6962181067,2016-05-07,6815,1947,0,0,328,298,334
6962181067,2016-05-08,4188,1659,0,14,151,541,569
6962181067,2016-05-09,12342,2105,43,21,231,489,497
6962181067,2016-05-10,15448,2361,62,34,275,469,481
6962181067,2016-05-11,6722,1855,24,7,199,452,480
6962181067,2016-05-12,3587,928,0,8,105,516,535
7007744171,2016-04-12,14172,2937,53,8,355,,
7007744171,2016-04-13,12862,2742,56,22,261,,
7007744171,2016-04-14,11179,2668,34,6,304,,
7007744171,2016-04-15,5273,2098,0,0,202,,
7007744171,2016-04-16,4631,2076,0,0,203,79,82
7007744171,2016-04-17,8059,2383,0,0,305,,
7007744171,2016-04-18,14816,2832,48,31,284,,
7007744171,2016-04-19,14194,2812,53,17,304,,
7007744171,2016-04-20,15566,3096,60,33,347,,
7007744171,2016-04-21,13744,2763,30,34,327,,
7007744171,2016-04-22,15299,2889,64,50,261,,
7007744171,2016-04-23,8093,2284,2,25,223,,
7007744171,2016-04-24,11085,2667,0,0,419,,
7007744171,2016-04-25,18229,3055,51,24,379,,
7007744171,2016-04-26,15090,2939,16,22,424,,
7007744171,2016-04-27,13541,2830,50,12,337,,
7007744171,2016-04-28,15128,2836,16,16,401,,
7007744171,2016-04-29,20067,3180,55,42,382,,
7007744171,2016-04-30,3761,2051,0,0,200,,
7007744171,2016-05-01,5600,2225,0,0,237,58,61
7007744171,2016-05-02,13041,2642,64,14,250,,
7007744171,2016-05-03,14510,2976,58,31,330,,
7007744171,2016-05-04,0,1557,0,0,0,,
7007744171,2016-05-05,15010,2933,53,23,317,,
7007744171,2016-05-06,11459,2553,44,13,247,,
7007744171,2016-05-07,0,120,0,0,0,,
7086361926,2016-04-12,11317,2772,59,6,153,514,525
7086361926,2016-04-13,5813,2516,31,26,155,451,465
7086361926,2016-04-14,9123,2734,35,32,189,472,476
7086361926,2016-04-15,8585,2395,30,21,139,377,386
7086361926,2016-04-16,31,1635,0,0,3,,
7086361926,2016-04-17,0,1629,0,0,0,,
7086361926,2016-04-18,9827,2743,61,51,114,,
7086361926,2016-04-19,10688,2944,67,69,124,472,483
7086361926,2016-04-20,14365,2997,87,13,145,492,502
7086361926,2016-04-21,9469,2463,19,6,206,390,411
7086361926,2016-04-22,9753,2846,58,59,153,428,448
7086361926,2016-04-23,2817,1965,0,0,90,,
7086361926,2016-04-24,3520,2049,0,0,125,681,704
7086361926,2016-04-25,10091,2752,69,39,129,446,447
7086361926,2016-04-26,10387,2781,70,33,132,485,500
7086361926,2016-04-27,11107,2693,55,6,145,469,479
7086361926,2016-04-28,11584,2862,54,48,161,354,367
7086361926,2016-04-29,7881,2616,24,36,182,,
7086361926,2016-04-30,14560,2995,42,17,308,485,489
7086361926,2016-05-01,12390,2730,30,15,258,388,407
7086361926,2016-05-02,10052,2754,66,26,139,440,459
7086361926,2016-05-03,10288,2754,57,36,152,456,461
7086361926,2016-05-04,10988,2655,45,12,135,420,436
7086361926,2016-05-05,8564,2386,24,14,149,,
7086361926,2016-05-06,12461,2924,84,35,154,322,333
7086361926,2016-05-07,12827,2739,20,42,209,530,548
7086361926,2016-05-08,10677,2534,32,27,147,481,510
7086361926,2016-05-09,13566,2960,67,50,171,427,438
7086361926,2016-05-10,14433,2800,72,23,106,,
7086361926,2016-05-11,9572,2735,57,40,128,451,463
7086361926,2016-05-12,3789,1199,5,4,58,444,457
8053475328,2016-04-12,18060,3186,116,8,123,,
8053475328,2016-04-13,16433,3140,95,12,156,,
8053475328,2016-04-14,20159,3411,119,5,193,,
8053475328,2016-04-15,20669,3410,132,8,158,,
8053475328,2016-04-16,14549,2867,96,6,83,,
8053475328,2016-04-17,18827,3213,111,21,195,,
8053475328,2016-04-18,17076,3133,102,6,195,,
8053475328,2016-04-19,15929,3114,90,7,191,,
8053475328,2016-04-20,15108,3043,89,5,158,486,493
8053475328,2016-04-21,16057,3103,100,6,170,,
8053475328,2016-04-22,10520,2655,60,3,117,,
8053475328,2016-04-23,22359,3554,125,14,223,331,337
8053475328,2016-04-24,22988,3577,129,33,182,,
8053475328,2016-04-25,20500,3403,118,9,209,,
8053475328,2016-04-26,12685,2846,68,5,185,,
8053475328,2016-04-27,12422,2852,60,10,183,,
8053475328,2016-04-28,15447,3062,90,9,153,,
8053475328,2016-04-29,12315,2794,58,8,159,,
8053475328,2016-04-30,7135,2408,27,1,131,,
8053475328,2016-05-01,1170,1886,0,0,51,,
8053475328,2016-05-02,1969,1988,0,0,95,,
8053475328,2016-05-03,15484,3023,87,22,165,,
8053475328,2016-05-04,14581,2918,89,8,123,,
8053475328,2016-05-05,14990,2950,93,9,130,,
8053475328,2016-05-06,13953,2859,90,15,90,,
8053475328,2016-05-07,19769,3331,121,20,148,74,75
8053475328,2016-05-08,22026,3589,125,14,228,,
8053475328,2016-05-09,12465,2765,66,12,148,,
8053475328,2016-05-10,14810,2926,96,10,115,,
8053475328,2016-05-11,12209,2809,60,7,184,,
8053475328,2016-05-12,4998,1505,28,4,39,,
8253242879,2016-04-12,9033,2044,40,2,154,,
8253242879,2016-04-13,8053,1935,35,11,96,,
8253242879,2016-04-14,5234,1705,29,16,33,,
8253242879,2016-04-15,2672,1632,0,0,105,,
8253242879,2016-04-16,9256,1880,6,51,115,,
8253242879,2016-04-17,10204,2112,41,5,157,,
8253242879,2016-04-18,5151,1829,16,16,130,,
8253242879,2016-04-19,4212,1763,0,0,164,,
8253242879,2016-04-20,6466,1931,5,18,216,,
8253242879,2016-04-21,11268,2218,49,20,172,,
8253242879,2016-04-22,2824,1651,0,0,120,,
8253242879,2016-04-23,9282,2132,30,26,191,,
8253242879,2016-04-24,8905,1976,41,4,82,,
8253242879,2016-04-25,6829,1909,7,54,118,,
8253242879,2016-04-26,4562,1813,19,14,108,,
8253242879,2016-04-27,10232,2008,45,5,104,,
8253242879,2016-04-28,2718,1580,11,16,20,,
8253242879,2016-04-29,6260,1854,16,14,136,,
8253242879,2016-04-30,0,0,0,0,0,,
8378563200,2016-04-12,7626,3635,65,15,156,338,356
8378563200,2016-04-13,12386,4079,116,14,169,447,487
8378563200,2016-04-14,13318,4163,123,21,174,424,455
8378563200,2016-04-15,14461,3666,60,23,190,513,533
8378563200,2016-04-16,11207,3363,64,21,142,611,689
8378563200,2016-04-17,2132,2572,0,0,93,525,591
8378563200,2016-04-18,13630,4157,117,10,174,398,451
8378563200,2016-04-19,13070,4092,120,19,154,387,421
8378563200,2016-04-20,9388,3787,82,8,169,381,409
8378563200,2016-04-21,15148,4236,137,16,145,396,417
8378563200,2016-04-22,12200,4044,113,12,159,441,469
8378563200,2016-04-23,5709,2908,19,10,136,565,591
8378563200,2016-04-24,3703,2741,0,0,135,458,492
8378563200,2016-04-25,12405,4005,117,16,141,388,402
8378563200,2016-04-26,16208,3763,90,18,161,550,584
8378563200,2016-04-27,7359,3061,4,4,192,531,600
8378563200,2016-04-28,5417,2884,11,10,139,506,556
8378563200,2016-04-29,6175,2982,3,7,172,527,562
8378563200,2016-04-30,2946,2660,0,0,121,468,555
8378563200,2016-05-01,11419,3369,71,10,127,475,539
8378563200,2016-05-02,6064,3491,63,4,142,351,385
8378563200,2016-05-03,8712,3784,71,20,195,405,429
8378563200,2016-05-04,7875,3110,19,10,167,441,477
8378563200,2016-05-05,8567,3783,66,3,214,381,417
8378563200,2016-05-06,7045,3644,74,5,166,323,355
8378563200,2016-05-07,4468,2799,0,0,158,459,513
8378563200,2016-05-08,2943,2685,0,0,139,545,606
8378563200,2016-05-09,8382,3721,71,13,171,359,399
8378563200,2016-05-10,6582,3586,63,13,152,342,391
8378563200,2016-05-11,9143,3788,72,10,184,368,387
8378563200,2016-05-12,4561,1976,8,6,102,496,546
8583815059,2016-04-12,5014,2650,0,7,196,,
8583815059,2016-04-13,5571,2654,2,23,163,,
8583815059,2016-04-14,3135,2443,0,0,134,,
8583815059,2016-04-15,3430,2505,0,0,65,,
8583815059,2016-04-16,5319,2693,0,0,0,,
8583815059,2016-04-17,3008,2439,0,0,0,,
8583815059,2016-04-18,3864,2536,4,22,105,,
8583815059,2016-04-19,5697,2668,7,10,166,,
8583815059,2016-04-20,5273,2647,0,27,167,,
8583815059,2016-04-21,8538,2883,35,18,158,,
8583815059,2016-04-22,8687,2944,4,54,212,,
8583815059,2016-04-23,9423,3012,7,44,238,,
8583815059,2016-04-24,8286,2889,2,44,206,,
8583815059,2016-04-25,4503,2547,18,6,122,,
8583815059,2016-04-26,10499,3093,1,91,214,,
8583815059,2016-04-27,12474,3142,77,5,129,,
8583815059,2016-04-28,6174,2757,0,28,203,,
8583815059,2016-04-29,15168,3513,46,67,258,,
8583815059,2016-04-30,10085,3164,2,28,317,,
8583815059,2016-05-01,4512,2596,10,2,117,,
8583815059,2016-05-02,8469,2894,0,0,0,,
8583815059,2016-05-03,12015,3212,0,0,0,,
8583815059,2016-05-04,3588,2516,0,0,0,,
8583815059,2016-05-05,12427,3266,0,0,70,,
8583815059,2016-05-06,5843,2683,2,22,166,,
8583815059,2016-05-07,6117,2810,0,0,250,,
8583815059,2016-05-08,9217,2940,3,72,182,,
8583815059,2016-05-09,9877,2947,66,4,110,,
8583815059,2016-05-10,8240,2846,9,43,162,,
8583815059,2016-05-11,8701,2804,5,71,177,,
8583815059,2016-05-12,0,0,0,0,0,,
8792009665,2016-04-12,2564,2044,0,0,116,458,493
8792009665,2016-04-13,1320,1934,0,0,82,531,552
8792009665,2016-04-14,1219,1963,0,0,84,486,503
8792009665,2016-04-15,2483,2009,0,0,126,363,377
8792009665,2016-04-16,244,1721,0,0,12,,
8792009665,2016-04-17,0,1688,0,0,0,,
8792009665,2016-04-18,0,1688,0,0,0,,
8792009665,2016-04-19,0,1688,0,0,0,,
8792009665,2016-04-20,3147,2188,0,10,139,528,547
8792009665,2016-04-21,144,1720,0,0,9,,
8792009665,2016-04-22,4068,2419,1,20,195,391,407
8792009665,2016-04-23,5245,2748,8,45,232,339,360
8792009665,2016-04-24,400,1799,3,8,19,,
8792009665,2016-04-25,0,1688,0,0,0,,
8792009665,2016-04-26,1321,1928,0,0,80,,
8792009665,2016-04-27,1758,2067,0,0,112,423,428
8792009665,2016-04-28,6157,2780,0,0,310,402,416
8792009665,2016-04-29,8360,3101,6,14,380,398,406
8792009665,2016-04-30,7174,2896,10,20,301,343,360
8792009665,2016-05-01,1619,1962,0,0,79,503,527
8792009665,2016-05-02,1831,2015,0,0,101,415,423
8792009665,2016-05-03,2421,2297,0,0,156,516,545
8792009665,2016-05-04,2283,2067,0,0,129,439,463
8792009665,2016-05-05,0,1688,0,0,0,,
8792009665,2016-05-06,0,1688,0,0,0,,
8792009665,2016-05-07,0,1688,0,0,0,,
8792009665,2016-05-08,0,1688,0,0,0,,
8792009665,2016-05-09,0,1688,0,0,0,,
8792009665,2016-05-10,0,57,0,0,0,,
8877689391,2016-04-12,23186,3921,85,7,312,,
8877689391,2016-04-13,15337,3566,108,18,216,,
8877689391,2016-04-14,21129,3793,68,13,298,,
8877689391,2016-04-15,13422,3934,106,1,281,,
8877689391,2016-04-16,29326,4547,94,29,429,,
8877689391,2016-04-17,15118,3545,58,15,307,,
8877689391,2016-04-18,11423,2761,29,5,191,,
8877689391,2016-04-19,18785,3676,82,13,214,,
8877689391,2016-04-20,19948,3679,73,19,225,,
8877689391,2016-04-21,19377,3659,82,13,226,,
8877689391,2016-04-22,18258,3427,61,2,236,,
8877689391,2016-04-23,11200,3891,102,6,300,,
8877689391,2016-04-24,16674,3455,64,1,227,,
8877689391,2016-04-25,12986,3802,113,8,218,,
8877689391,2016-04-26,11101,2860,22,3,258,,
8877689391,2016-04-27,23629,3808,93,8,235,,
8877689391,2016-04-28,14890,3060,58,8,231,,
8877689391,2016-04-29,9733,2698,18,5,210,,
8877689391,2016-04-30,27745,4398,124,4,223,,
8877689391,2016-05-01,10930,2786,36,12,166,,
8877689391,2016-05-02,4790,2189,0,0,105,,
8877689391,2016-05-03,10818,2817,19,3,229,,
8877689391,2016-05-04,18193,3477,66,8,212,,
8877689391,2016-05-05,14055,3052,67,15,188,,
8877689391,2016-05-06,21727,4015,96,17,232,,
8877689391,2016-05-07,12332,4142,105,28,271,,
8877689391,2016-05-08,10686,2847,17,4,245,,
8877689391,2016-05-09,20226,3710,73,19,217,,
8877689391,2016-05-10,10733,2832,18,11,224,,
8877689391,2016-05-11,21420,3832,88,12,213,,
8877689391,2016-05-12,8064,1849,23,1,137,,